<?xml version="1.0" encoding="UTF-8"?>
<!DOCTYPE hibernate-configuration PUBLIC "-//Hibernate/Hibernate Configuration DTD 3.0//EN" "http://hibernate.sourceforge.net/hibernate-configuration-3.0.dtd">
<hibernate-configuration>
  <session-factory>
    <property name="hibernate.dialect">org.hibernate.dialect.MySQLDialect</property>
    <property name="hibernate.connection.driver_class">com.mysql.jdbc.Driver</property>
    <property name="hibernate.connection.url">jdbc:mysql://desarrollo.is.escuelaing.edu.co:3306/bdprueba?zeroDateTimeBehavior=convertToNull</property>
    <property name="hibernate.connection.username">bdprueba</property>
    <property name="hibernate.connection.password">bdprueba</property>

    <property name="show_sql">true</property>
    <property name="format_sql">true</property>
    <property name="use_sql_comments">true</property>
    
  </session-factory>
    
</hibernate-configuration>
